,topics,coherence(c_v),coherence(c_npmi),perplexity,topic_diversity
0,5,0.30302436078888045,-0.20944438678035754,-9.532806952787375,0.94
1,10,0.39975003007116866,-0.27819201775423574,-10.635410235153556,0.89
2,15,0.43322538235224084,-0.2984011567297141,-11.537564866572048,0.8466666666666667
3,20,0.44179949708659294,-0.29218489160714983,-12.267782186044553,0.865
4,25,0.4639998574891832,-0.31293649706144444,-12.958234638746152,0.868
5,50,0.5542505647213678,-0.37811529589199794,-17.509438163190957,0.978
