,topics,coherence(c_v),coherence(c_npmi),perplexity,topic_diversity
0,5,0.5524931639826093,-0.2275055725089489,-8.601086408248953,1.0
1,10,0.4643241706733686,-0.2408756141184957,-8.810146978482967,1.0
2,15,0.47829998518216565,-0.2359920493210464,-9.735345652939262,1.0
3,20,0.49657261452308754,-0.25018024335694644,-10.211707278530723,1.0
4,25,0.4585007463475387,-0.2824555728577682,-10.720248880168592,1.0
5,50,0.3739766495450725,-0.2365525790548288,-16.847532680112288,1.0
